"method","route","permissions","file","line"
"GET","/","account_requests.view","packages/api/routes/adminAccountRequests.ts","56"
"GET","/:id","account_requests.view","packages/api/routes/adminAccountRequests.ts","89"
"GET","/:id/suggestions","account_requests.review","packages/api/routes/adminAccountRequests.ts","109"
"POST","/:id/link","account_requests.decide","packages/api/routes/adminAccountRequests.ts","140"
"POST","/:id/escalate","account_requests.review","packages/api/routes/adminAccountRequests.ts","171"
"POST","/:id/resolve-escalation","account_requests.resolve_escalation","packages/api/routes/adminAccountRequests.ts","184"
"POST","/:id/reject","account_requests.decide","packages/api/routes/adminAccountRequests.ts","215"
"POST","/:id/claim","account_requests.review","packages/api/routes/adminAccountRequests.ts","247"
"POST","/:id/take-over","account_requests.review","packages/api/routes/adminAccountRequests.ts","275"
"POST","/:id/reopen","account_requests.decide","packages/api/routes/adminAccountRequests.ts","309"
"POST","/:id/notes","account_requests.review","packages/api/routes/adminAccountRequests.ts","340"
"POST","/:id/archive","account_requests.archive","packages/api/routes/adminAccountRequests.ts","354"
"POST","/:id/unarchive","account_requests.archive","packages/api/routes/adminAccountRequests.ts","367"
"GET","/clients/:id/app-account","app_accounts.view","packages/api/routes/adminAppAccounts.ts","61"
"POST","/clients/:id/app-account","app_accounts.create_direct","packages/api/routes/adminAppAccounts.ts","69"
"POST","/app-accounts/bulk-activate","app_accounts.bulk_activate","packages/api/routes/adminAppAccounts.ts","128"
"POST","/app-accounts/:id/suspend","app_accounts.suspend","packages/api/routes/adminAppAccounts.ts","162"
"POST","/app-accounts/:id/reactivate","app_accounts.reactivate","packages/api/routes/adminAppAccounts.ts","188"
"GET","/","jobs.applications.view_list","packages/api/routes/adminApplications.ts","161"
"POST","/","jobs.applications.create","packages/api/routes/adminApplications.ts","335"
"GET","/:id","jobs.applications.view_detail","packages/api/routes/adminApplications.ts","534"
"PATCH","/:id/stage","jobs.applications.change_stage","packages/api/routes/adminApplications.ts","699"
"PATCH","/:id/hire","jobs.applications.hire","packages/api/routes/adminApplications.ts","833"
"POST","/:id/employee","employees.create","packages/api/routes/adminApplications.ts","963"
"POST","/:id/employee-legacy-disabled","employees.create","packages/api/routes/adminApplications.ts","1182"
"PATCH","/:id/decision","jobs.applications.record_decision","packages/api/routes/adminApplications.ts","1334"
"PATCH","/:id/escalate","jobs.applications.escalate","packages/api/routes/adminApplications.ts","1469"
"PATCH","/:id/resolve-escalation","jobs.applications.resolve_escalation","packages/api/routes/adminApplications.ts","1555"
"PATCH","/:id/notes","jobs.applications.edit_notes","packages/api/routes/adminApplications.ts","1630"
"PATCH","/:id/archive","jobs.applications.archive","packages/api/routes/adminApplications.ts","1673"
"GET","/:id/audit-logs","jobs.applications.view_audit_logs","packages/api/routes/adminApplications.ts","1759"
"GET","/","branches.view|branches.lookup|reference_data.lookup","packages/api/routes/branches.ts","110"
"GET","/:id","branches.view|branches.lookup|reference_data.lookup","packages/api/routes/branches.ts","171"
"POST","/","branches.manage","packages/api/routes/branches.ts","249"
"PUT","/:id","branches.edit|branches.manage","packages/api/routes/branches.ts","353"
"DELETE","/:id","branches.manage","packages/api/routes/branches.ts","474"
"GET","/","candidates.view_list","packages/api/routes/candidates.ts","471"
"POST","/","candidates.create","packages/api/routes/candidates.ts","587"
"POST","/:id/link-client","candidates.edit","packages/api/routes/candidates.ts","686"
"PUT","/:id","candidates.edit","packages/api/routes/candidates.ts","915"
"DELETE","/:id","candidates.delete","packages/api/routes/candidates.ts","1073"
"GET","/","clients.view_list","packages/api/routes/clients.ts","978"
"GET","/paged","clients.view_list","packages/api/routes/clients.ts","1067"
"GET","/:id/account-statement","clients.account_statement.view","packages/api/routes/clients.ts","1402"
"GET","/:id/rating-history","clients.rating.view","packages/api/routes/clients.ts","1530"
"POST","/:id/rating-history","clients.rating.edit","packages/api/routes/clients.ts","1567"
"GET","/:id/snapshot","clients.view","packages/api/routes/clients.ts","1623"
"GET","/:id","clients.view","packages/api/routes/clients.ts","1633"
"GET","/:id/network","clients.network.view","packages/api/routes/clients.ts","1690"
"POST","/","clients.create","packages/api/routes/clients.ts","2026"
"PUT","/:id","clients.edit|clients.contacts.edit","packages/api/routes/clients.ts","2288"
"DELETE","/:id","clients.delete","packages/api/routes/clients.ts","2500"
"POST","/bulk-delete","clients.delete","packages/api/routes/clients.ts","2612"
"POST","/:id/cooldown","clients.contact_control.edit","packages/api/routes/clients.ts","2635"
"DELETE","/:id/cooldown","clients.cooldown_unlock","packages/api/routes/clients.ts","2686"
"PATCH","/:id/do-not-contact","clients.contact_control.edit","packages/api/routes/clients.ts","2724"
"GET","/:id/printable","contracts.view_list","packages/api/routes/contractDocuments.ts","249"
"POST","/:id/printable/freeze","contracts.edit","packages/api/routes/contractDocuments.ts","333"
"GET","/","contracts.view_list","packages/api/routes/contracts.ts","527"
"GET","/:id","contracts.view_list","packages/api/routes/contracts.ts","586"
"POST","/","contracts.create","packages/api/routes/contracts.ts","793"
"PUT","/:id","contracts.edit","packages/api/routes/contracts.ts","1112"
"POST","/:id/payment-entries","contracts.edit","packages/api/routes/contracts.ts","1371"
"POST","/:id/installments","contracts.edit","packages/api/routes/contracts.ts","1477"
"POST","/:id/installments/confirm","contracts.edit","packages/api/routes/contracts.ts","1565"
"DELETE","/:id","contracts.delete","packages/api/routes/contracts.ts","1637"
"PUT","/:id/line-items/:itemId/installation","contracts.edit","packages/api/routes/contracts.ts","1707"
"GET","/:customerId/calls","clients.call_log.view","packages/api/routes/customerCalls.ts","124"
"GET","/:customerId/calls/stats","clients.call_log.view","packages/api/routes/customerCalls.ts","253"
"POST","/:customerId/calls","clients.call_log.create|telemarketing.calls.create","packages/api/routes/customerCalls.ts","395"
"PATCH","/calls/:callId","clients.call_log.edit|telemarketing.calls.create","packages/api/routes/customerCalls.ts","661"
"GET","/:id/purchase-history","clients.purchase_history.view","packages/api/routes/customerCalls.ts","838"
"GET","/:id/parts-stock","clients.parts_stock.view","packages/api/routes/customerCalls.ts","1073"
"GET","/:id/pre-offers","clients.pre_offers.view|contracts.view_list","packages/api/routes/customerPreOffers.ts","49"
"POST","/:id/pre-offers","open_tasks.edit","packages/api/routes/customerPreOffers.ts","275"
"GET","/","departments.view_list|departments.lookup|reference_data.lookup","packages/api/routes/departments.ts","176"
"GET","/:id","departments.view_list|departments.lookup|reference_data.lookup","packages/api/routes/departments.ts","281"
"POST","/","departments.manage","packages/api/routes/departments.ts","374"
"PUT","/:id","departments.manage|devices.department_availability.manage","packages/api/routes/departments.ts","513"
"DELETE","/:id","departments.manage","packages/api/routes/departments.ts","605"
"GET","/","device_models.lookup|device_models.task_lookup|reference_data.lookup|catalog.manage","packages/api/routes/deviceModels.ts","278"
"GET","/for-sale","device_models.task_lookup|device_models.lookup|reference_data.lookup","packages/api/routes/deviceModels.ts","379"
"POST","/","device_models.manage|catalog.manage","packages/api/routes/deviceModels.ts","483"
"PUT","/:id","device_models.manage|catalog.manage","packages/api/routes/deviceModels.ts","579"
"DELETE","/:id","device_models.manage|catalog.manage","packages/api/routes/deviceModels.ts","649"
"GET","/:id/prices","devices.prices.view|devices.prices.manage|catalog.manage","packages/api/routes/deviceModels.ts","654"
"POST","/:id/prices","devices.prices.manage","packages/api/routes/deviceModels.ts","676"
"GET","/:id/discounts/all","devices.discounts.view|devices.discounts.manage","packages/api/routes/deviceModels.ts","800"
"POST","/:id/discounts","devices.discounts.manage","packages/api/routes/deviceModels.ts","876"
"PUT","/:id/discounts/:discountId","devices.discounts.manage","packages/api/routes/deviceModels.ts","984"
"DELETE","/:id/discounts/:discountId","devices.discounts.manage","packages/api/routes/deviceModels.ts","1068"
"GET","/:deviceId/possession","installed_devices.possession.view","packages/api/routes/devicePossession.ts","54"
"GET","/:deviceId/possession/current","installed_devices.possession.view","packages/api/routes/devicePossession.ts","81"
"POST","/:deviceId/possession","installed_devices.possession.manage","packages/api/routes/devicePossession.ts","110"
"GET","/","clients.device_warranties.view|contracts.view_list","packages/api/routes/deviceWarranties.ts","91"
"PATCH","/:id","contracts.edit","packages/api/routes/deviceWarranties.ts","125"
"POST","/golden/offer-result","contracts.edit","packages/api/routes/deviceWarranties.ts","188"
"POST","/golden/:warrantyId/card-delivery","contracts.edit","packages/api/routes/deviceWarranties.ts","293"
"GET","/:id/payments","clients.device_warranties.view|contracts.view_list","packages/api/routes/deviceWarranties.ts","330"
"POST","/:id/payments","contracts.edit","packages/api/routes/deviceWarranties.ts","350"
"DELETE","/payments/:paymentId","contracts.edit","packages/api/routes/deviceWarranties.ts","396"
"GET","/","contracts.view_list","packages/api/routes/dues.ts","46"
"PUT","/:id","contracts.edit","packages/api/routes/dues.ts","73"
"GET","/","admin.emergency_action_types.view","packages/api/routes/emergencyActionTypes.ts","88"
"POST","/","admin.emergency_action_types.manage","packages/api/routes/emergencyActionTypes.ts","196"
"PATCH","/:id","admin.emergency_action_types.manage","packages/api/routes/emergencyActionTypes.ts","255"
"DELETE","/:id","admin.emergency_action_types.manage","packages/api/routes/emergencyActionTypes.ts","308"
"GET","/:taskId","marketing_visits.view","packages/api/routes/emergencyResult.ts","413"
"PUT","/:taskId/pre-state","marketing_visits.update_result","packages/api/routes/emergencyResult.ts","599"
"PUT","/:taskId/post-state","marketing_visits.update_result","packages/api/routes/emergencyResult.ts","711"
"PUT","/:taskId/actions","marketing_visits.update_result","packages/api/routes/emergencyResult.ts","821"
"PUT","/:taskId/costs","marketing_visits.update_result","packages/api/routes/emergencyResult.ts","1048"
"PUT","/:taskId/parts","marketing_visits.update_result","packages/api/routes/emergencyResult.ts","1455"
"GET","/:taskId/parts","marketing_visits.view","packages/api/routes/emergencyResult.ts","1593"
"GET","/device/:contractId/history","marketing_visits.view","packages/api/routes/emergencyResult.ts","1658"
"GET","/:taskId/payment-entries","marketing_visits.view","packages/api/routes/emergencyResult.ts","1713"
"PUT","/:taskId/payment-entries","marketing_visits.update_result","packages/api/routes/emergencyResult.ts","1779"
"GET","/:taskId/installments","marketing_visits.view","packages/api/routes/emergencyResult.ts","1867"
"PUT","/:taskId/installments","marketing_visits.update_result","packages/api/routes/emergencyResult.ts","1944"
"POST","/:taskId/installments/confirm","marketing_visits.update_result","packages/api/routes/emergencyResult.ts","2015"
"GET","/","employees.view_list","packages/api/routes/employees.ts","89"
"GET","/manager-candidates","employees.manager_lookup|employees.create|employees.edit|employees.view_list","packages/api/routes/employees.ts","147"
"GET","/lookup","employees.lookup|employees.create|employees.edit|employees.view_list","packages/api/routes/employees.ts","198"
"GET","/schedule-pool","planning.manage","packages/api/routes/employees.ts","250"
"GET","/closers","employees.view_list","packages/api/routes/employees.ts","288"
"GET","/:id","employees.view_list","packages/api/routes/employees.ts","359"
"POST","/","employees.create","packages/api/routes/employees.ts","435"
"PUT","/:id","employees.edit","packages/api/routes/employees.ts","518"
"PUT","/:id/system-account","admin.roles.users.manage","packages/api/routes/employees.ts","551"
"POST","/:id/transfer-branch","employees.edit","packages/api/routes/employees.ts","589"
"DELETE","/:id","employees.delete","packages/api/routes/employees.ts","657"
"POST","/instant","field_visits.create_instant","packages/api/routes/fieldVisits.ts","391"
"POST","/:id/start","field_visits.edit","packages/api/routes/fieldVisits.ts","419"
"POST","/:id/end","field_visits.edit","packages/api/routes/fieldVisits.ts","595"
"POST","/:id/cancel","field_visits.edit","packages/api/routes/fieldVisits.ts","717"
"GET","/:id/geo","field_visits.view","packages/api/routes/fieldVisits.ts","829"
"GET","/:id/source","field_visits.view","packages/api/routes/fieldVisits.ts","885"
"GET","/","clients.visits.view|field_visits.view","packages/api/routes/fieldVisits.ts","983"
"GET","/my-visits","field_visits.my_visits.view","packages/api/routes/fieldVisits.ts","1227"
"GET","/escalation-alerts","field_visits.view","packages/api/routes/fieldVisits.ts","1365"
"GET","/branch-summary","field_visits.view","packages/api/routes/fieldVisits.ts","1442"
"GET","/task-type-summary","field_visits.view","packages/api/routes/fieldVisits.ts","1545"
"GET","/:id","field_visits.view|field_visits.my_visits.view","packages/api/routes/fieldVisits.ts","1640"
"POST","/visit-tasks/:taskId/name-collection","field_visits.edit","packages/api/routes/fieldVisits.ts","2017"
"PUT","/name-collections/:id/record-names","field_visits.edit","packages/api/routes/fieldVisits.ts","2021"
"GET","/name-collections/:id","field_visits.view","packages/api/routes/fieldVisits.ts","2025"
"POST","/visit-tasks/:taskId/direct-suggestions","field_visits.edit","packages/api/routes/fieldVisits.ts","2085"
"GET","/visit-tasks/:taskId/direct-suggestions","field_visits.view","packages/api/routes/fieldVisits.ts","2162"
"POST","/:id/complete","field_visits.edit","packages/api/routes/fieldVisits.ts","2223"
"POST","/:id/close","field_visits.edit","packages/api/routes/fieldVisits.ts","2273"
"POST","/:id/tasks","field_visits.edit","packages/api/routes/fieldVisits.ts","2355"
"GET","/:id/pullable-tasks","field_visits.view|field_visits.my_visits.view","packages/api/routes/fieldVisits.ts","2547"
"DELETE","/:id/tasks/:visitTaskId","field_visits.edit","packages/api/routes/fieldVisits.ts","2642"
"GET","/:id/referral-sheet","field_visits.view|field_visits.my_visits.view","packages/api/routes/fieldVisits.ts","2716"
"POST","/:id/referral-sheet","field_visits.edit","packages/api/routes/fieldVisits.ts","2760"
"PATCH","/:id/referral-sheet/target","field_visits.edit","packages/api/routes/fieldVisits.ts","2851"
"GET","/:id/survey","field_visits.view|field_visits.my_visits.view","packages/api/routes/fieldVisits.ts","2884"
"POST","/:id/survey","field_visits.edit","packages/api/routes/fieldVisits.ts","2951"
"POST","/:id/survey/skip","field_visits.edit","packages/api/routes/fieldVisits.ts","3053"
"POST","/:id/reopen","field_visits.reopen_closed","packages/api/routes/fieldVisits.ts","3116"
"POST","/:visitId/tasks/:taskId/result","tasks.results.record","packages/api/routes/fieldVisits.ts","3169"
"GET","/","geo.view|geo_units.lookup","packages/api/routes/geoUnits.ts","96"
"GET","/active","geo.view|geo_units.lookup","packages/api/routes/geoUnits.ts","105"
"GET","/reference","geo.view|geo_units.lookup","packages/api/routes/geoUnits.ts","115"
"GET","/names","geo.view|geo_units.lookup","packages/api/routes/geoUnits.ts","130"
"GET","/:id","geo.view|geo_units.lookup","packages/api/routes/geoUnits.ts","155"
"POST","/","geo.manage","packages/api/routes/geoUnits.ts","211"
"PUT","/:id","geo.manage","packages/api/routes/geoUnits.ts","295"
"PATCH","/:id/status","geo.manage","packages/api/routes/geoUnits.ts","321"
"DELETE","/:id","geo.manage","packages/api/routes/geoUnits.ts","367"
"GET","/definitions","contract_gifts.view","packages/api/routes/gifts.ts","296"
"POST","/definitions","contract_gifts.manage","packages/api/routes/gifts.ts","312"
"PATCH","/definitions/:id","contract_gifts.manage","packages/api/routes/gifts.ts","344"
"DELETE","/definitions/:id","contract_gifts.manage","packages/api/routes/gifts.ts","375"
"POST","/records/similar","contract_gifts.manage","packages/api/routes/gifts.ts","409"
"GET","/records","contract_gifts.view","packages/api/routes/gifts.ts","444"
"POST","/records","contract_gifts.manage","packages/api/routes/gifts.ts","526"
"POST","/records/create-delivery-task","contract_gifts.create_delivery_task","packages/api/routes/gifts.ts","850"
"POST","/records/:id/create-delivery-task","contract_gifts.create_delivery_task","packages/api/routes/gifts.ts","857"
"PATCH","/records/:id/condition","contract_gifts.verify_condition","packages/api/routes/gifts.ts","866"
"POST","/records/:id/approve","contract_gifts.approve_delivery","packages/api/routes/gifts.ts","919"
"POST","/records/:id/withdraw-approval","contract_gifts.approve_delivery","packages/api/routes/gifts.ts","971"
"POST","/records/:id/manual-delivery","contract_gifts.manual_delivery","packages/api/routes/gifts.ts","1016"
"POST","/records/:id/reopen-manual-delivery","contract_gifts.reopen_manual_delivery","packages/api/routes/gifts.ts","1089"
"POST","/records/:id/cancel","contract_gifts.cancel","packages/api/routes/gifts.ts","1160"
"GET","/","installed_devices.view|clients.devices.view|contracts.view_list","packages/api/routes/installedDevices.ts","72"
"POST","/external","installed_devices.create_external","packages/api/routes/installedDevices.ts","130"
"GET","/:id","installed_devices.view|clients.devices.view|contracts.view_list","packages/api/routes/installedDevices.ts","356"
"POST","/:id/periodic-maintenance","tasks.periodic.create_manual","packages/api/routes/installedDevices.ts","391"
"GET","/:id/problems","clients.devices.view|contracts.view_list","packages/api/routes/installedDevices.ts","435"
"GET","/:id/technical-states","installed_devices.view|clients.devices.view|contracts.view_list","packages/api/routes/installedDevices.ts","485"
"PATCH","/:id","contracts.edit","packages/api/routes/installedDevices.ts","520"
"GET","/eligible/:jobVacancyId","jobs.interviews.view_eligible","packages/api/routes/interviews.ts","38"
"GET","/interviewers","jobs.interviews.schedule|jobs.interviews.edit","packages/api/routes/interviews.ts","77"
"GET","/","jobs.interviews.view_list","packages/api/routes/interviews.ts","167"
"POST","/","jobs.interviews.schedule","packages/api/routes/interviews.ts","224"
"GET","/:id","jobs.interviews.view_detail","packages/api/routes/interviews.ts","265"
"PUT","/:id","jobs.interviews.edit","packages/api/routes/interviews.ts","319"
"PATCH","/:id/result","jobs.interviews.record_result","packages/api/routes/interviews.ts","372"
"GET","/","open_tasks.view","packages/api/routes/openTasks.ts","930"
"POST","/","open_tasks.edit","packages/api/routes/openTasks.ts","1057"
"GET","/client/:clientId/collectable-installments","open_tasks.view","packages/api/routes/openTasks.ts","2070"
"GET","/client/:clientId","clients.visits.view|open_tasks.view","packages/api/routes/openTasks.ts","2210"
"GET","/device-demo","tasks.demo.view","packages/api/routes/openTasks.ts","2653"
"GET","/my-customers","tasks.my_customers.view","packages/api/routes/openTasks.ts","2690"
"POST","/:id/assign-team","open_tasks.edit","packages/api/routes/openTasks.ts","2856"
"GET","/attempt-alerts","tasks.supervisor_alerts.view","packages/api/routes/openTasks.ts","2981"
"GET","/:id","open_tasks.view","packages/api/routes/openTasks.ts","3034"
"POST","/:id/cancel","open_tasks.edit","packages/api/routes/openTasks.ts","3256"
"PATCH","/:id","open_tasks.edit","packages/api/routes/openTasks.ts","3308"
"GET","/:id/emergency-result","open_tasks.view","packages/api/routes/openTasks.ts","3648"
"POST","/:id/emergency-result","tasks.results.record","packages/api/routes/openTasks.ts","3817"
"GET","/scope/:scopeId","open_tasks.view","packages/api/routes/openTasks.ts","4129"
"POST","/:id/assign-scope","open_tasks.edit","packages/api/routes/openTasks.ts","4193"
"POST","/:id/exclude","open_tasks.edit","packages/api/routes/openTasks.ts","4282"
"POST","/:id/restore","open_tasks.edit","packages/api/routes/openTasks.ts","4386"
"POST","/bulk-exclude","open_tasks.edit","packages/api/routes/openTasks.ts","4458"
"POST","/bulk-restore","open_tasks.edit","packages/api/routes/openTasks.ts","4559"
"GET","/:id/activity","open_tasks.view","packages/api/routes/openTasks.ts","4645"
"POST","/:id/activity","open_tasks.edit","packages/api/routes/openTasks.ts","4730"
"GET","/:id/attempts","open_tasks.view","packages/api/routes/openTasks.ts","4847"
"GET","/:id/installed-devices","open_tasks.view","packages/api/routes/openTasks.ts","4895"
"GET","/:id/devices","open_tasks.view","packages/api/routes/openTasks.ts","4926"
"POST","/:id/devices","open_tasks.edit","packages/api/routes/openTasks.ts","5022"
"GET","/:id/calls","open_tasks.view","packages/api/routes/openTasks.ts","5121"
"POST","/:id/schedule-from-expected","telemarketing.appointments.book","packages/api/routes/openTasks.ts","5203"
"GET","/:id/problems","open_tasks.view","packages/api/routes/openTasks.ts","5362"
"GET","/:id/derived-outcome","open_tasks.view","packages/api/routes/openTasks.ts","5391"
"GET","/marketing-targets","planning.manage","packages/api/routes/planning.ts","319"
"GET","/assigned-tasks","planning.manage","packages/api/routes/planning.ts","462"
"POST","/contact-targets-dashboard/sync","planning.manage","packages/api/routes/planning.ts","791"
"GET","/contact-targets-dashboard","planning.manage","packages/api/routes/planning.ts","836"
"GET","/","candidates.name_lists.view_list","packages/api/routes/referralSheets.ts","320"
"POST","/","candidates.name_lists.create","packages/api/routes/referralSheets.ts","425"
"PUT","/:id","candidates.name_lists.edit","packages/api/routes/referralSheets.ts","525"
"GET","/roles","admin.roles.view","packages/api/routes/roles.ts","86"
"GET","/roles/:id","admin.roles.view","packages/api/routes/roles.ts","188"
"GET","/roles/:id/permissions","admin.roles.view","packages/api/routes/roles.ts","233"
"POST","/roles","admin.roles.manage","packages/api/routes/roles.ts","289"
"PUT","/roles/:id","admin.roles.manage","packages/api/routes/roles.ts","364"
"DELETE","/roles/:id","admin.roles.manage","packages/api/routes/roles.ts","440"
"PUT","/roles/:id/permissions","admin.roles.manage","packages/api/routes/roles.ts","521"
"GET","/permissions","admin.roles.view","packages/api/routes/roles.ts","689"
"GET","/hr-users/assignable","clients.assignment.manage","packages/api/routes/roles.ts","837"
"GET","/hr-users/name-list-assignable","candidates.name_lists.assignment.manage","packages/api/routes/roles.ts","876"
"GET","/hr-users/candidate-assignable","candidates.assignment.manage","packages/api/routes/roles.ts","912"
"GET","/hr-users","admin.users.view_list","packages/api/routes/roles.ts","987"
"POST","/hr-users","admin.roles.users.manage","packages/api/routes/roles.ts","1079"
"PUT","/hr-users/:id","admin.roles.users.manage","packages/api/routes/roles.ts","1189"
"GET","/","routes.assign.view","packages/api/routes/routeAssignments.ts","186"
"GET","/:key","routes.assign.view","packages/api/routes/routeAssignments.ts","251"
"PUT","/:key","routes.assign.manage","packages/api/routes/routeAssignments.ts","316"
"GET","/","routes.view","packages/api/routes/routes.ts","140"
"POST","/","routes.manage","packages/api/routes/routes.ts","235"
"PUT","/:id","routes.manage","packages/api/routes/routes.ts","337"
"DELETE","/:id","routes.manage","packages/api/routes/routes.ts","419"
"GET","/","contracts.view_list","packages/api/routes/serviceAgreements.ts","80"
"GET","/:id","contracts.view_list","packages/api/routes/serviceAgreements.ts","105"
"POST","/","contracts.edit","packages/api/routes/serviceAgreements.ts","117"
"PUT","/:id","contracts.edit","packages/api/routes/serviceAgreements.ts","169"
"POST","/","service_requests.create","packages/api/routes/serviceRequests.ts","359"
"POST","/internal","service_requests.create","packages/api/routes/serviceRequests.ts","372"
"POST","/water-check","water_check.create","packages/api/routes/serviceRequests.ts","389"
"GET","/","service_requests.view|water_check.view","packages/api/routes/serviceRequests.ts","605"
"GET","/","spare_parts.lookup|spare_parts.task_lookup|reference_data.lookup|catalog.manage","packages/api/routes/spareParts.ts","181"
"POST","/","spare_parts.manage|catalog.manage","packages/api/routes/spareParts.ts","257"
"PUT","/:id","spare_parts.manage|catalog.manage","packages/api/routes/spareParts.ts","335"
"DELETE","/:id","spare_parts.manage|catalog.manage","packages/api/routes/spareParts.ts","398"
"GET","/:id/prices","spare_parts.prices.manage|catalog.manage","packages/api/routes/spareParts.ts","403"
"POST","/:id/prices","spare_parts.prices.manage","packages/api/routes/spareParts.ts","425"
"GET","/","admin.system_lists.view|admin.system_lists.manage|reference_data.lookup","packages/api/routes/systemLists.ts","99"
"GET","/:code/items","admin.system_lists.view|admin.system_lists.manage|reference_data.lookup","packages/api/routes/systemLists.ts","129"
"POST","/","admin.system_lists.manage","packages/api/routes/systemLists.ts","188"
"PUT","/:id","admin.system_lists.manage","packages/api/routes/systemLists.ts","265"
"DELETE","/:id","admin.system_lists.manage","packages/api/routes/systemLists.ts","351"
"GET","/","settings.view","packages/api/routes/systemSettings.ts","104"
"PUT","/contact-target-cleanup-time","settings.manage","packages/api/routes/systemSettings.ts","123"
"PUT","/:key","settings.manage","packages/api/routes/systemSettings.ts","155"
"GET","/","tasks.view_list","packages/api/routes/tasks.ts","133"
"POST","/","tasks.create","packages/api/routes/tasks.ts","192"
"PUT","/:id","tasks.edit","packages/api/routes/tasks.ts","247"
"DELETE","/:id","tasks.delete","packages/api/routes/tasks.ts","316"
"PATCH","/:taskType","admin.task_types.manage","packages/api/routes/taskTypeConfig.ts","191"
"GET","/snapshot","telemarketing.lists.view|telemarketing.lists.view_device_demo","packages/api/routes/telemarketing.ts","725"
"POST","/task-lists/upsert","telemarketing.lists.generate","packages/api/routes/telemarketing.ts","1114"
"POST","/task-lists/generate-from-plan","telemarketing.lists.generate","packages/api/routes/telemarketing.ts","1233"
"PATCH","/task-lists/:taskListId/items/:itemId","telemarketing.calls.create","packages/api/routes/telemarketing.ts","1639"
"POST","/contact-targets/:id/claim","telemarketing.calls.create","packages/api/routes/telemarketing.ts","1695"
"GET","/customer/:customerId/all-targets-today","telemarketing.lists.view|telemarketing.lists.view_device_demo","packages/api/routes/telemarketing.ts","1740"
"POST","/call-logs","telemarketing.calls.create","packages/api/routes/telemarketing.ts","1868"
"POST","/book-visit","telemarketing.appointments.book","packages/api/routes/telemarketing.ts","2097"
"POST","/appointments","telemarketing.appointments.book","packages/api/routes/telemarketing.ts","2210"
"POST","/task-lists/:taskListId/items/:itemId/close","telemarketing.calls.create","packages/api/routes/telemarketing.ts","2268"
"GET","/task-type-options","telemarketing.calls.create","packages/api/routes/telemarketing.ts","2431"
"GET","/service-task-devices","telemarketing.calls.create","packages/api/routes/telemarketing.ts","2447"
"POST","/service-tasks","telemarketing.calls.create","packages/api/routes/telemarketing.ts","2586"
"GET","/trainers","jobs.training.create","packages/api/routes/trainingCourses.ts","45"
"GET","/eligible/:jobVacancyId","jobs.training.view_eligible","packages/api/routes/trainingCourses.ts","115"
"POST","/","jobs.training.create","packages/api/routes/trainingCourses.ts","167"
"GET","/","jobs.training.view_list","packages/api/routes/trainingCourses.ts","216"
"GET","/:id","jobs.training.view_detail","packages/api/routes/trainingCourses.ts","252"
"PATCH","/:id/start","jobs.training.start","packages/api/routes/trainingCourses.ts","287"
"POST","/:id/attendance","jobs.training.record_attendance","packages/api/routes/trainingCourses.ts","343"
"PATCH","/:id/end-date","jobs.training.create","packages/api/routes/trainingCourses.ts","389"
"PATCH","/:id/complete","jobs.training.complete","packages/api/routes/trainingCourses.ts","424"
"PATCH","/:id/trainees/:applicationId/result","jobs.training.record_result","packages/api/routes/trainingCourses.ts","475"
"POST","/:id/trainees","jobs.training.add_trainees","packages/api/routes/trainingCourses.ts","523"
"GET","/","jobs.vacancies.view_list","packages/api/routes/vacancies.ts","192"
"GET","/:id","jobs.vacancies.view_detail","packages/api/routes/vacancies.ts","257"
"POST","/","jobs.vacancies.create","packages/api/routes/vacancies.ts","364"
"PUT","/:id","jobs.vacancies.edit","packages/api/routes/vacancies.ts","475"
"PATCH","/:id/status","jobs.vacancies.change_status","packages/api/routes/vacancies.ts","625"
"POST","/","marketing_visits.view","packages/api/routes/workScopes.ts","100"
"GET","/:date/:teamKey","marketing_visits.view","packages/api/routes/workScopes.ts","197"
"PUT","/:id/activate","marketing_visits.update_result","packages/api/routes/workScopes.ts","253"
"POST","/:id/generate-tasks","marketing_visits.update_result","packages/api/routes/workScopes.ts","304"
"GET","/","planning.zone_study.view","packages/api/routes/zoneStudy.ts","40"
"POST","/refresh","planning.zone_study.manage","packages/api/routes/zoneStudy.ts","60"
"POST","/manual/pick","planning.zone_study.manage","packages/api/routes/zoneStudy.ts","80"
"DELETE","/manual/pick/:zoneId","planning.zone_study.manage","packages/api/routes/zoneStudy.ts","102"
"POST","/internal-with-call","telemarketing.calls.create|service_requests.create","packages/api/routes/serviceRequests.ts","456"
"POST","/:id/promote","service_requests.decide|open_tasks.edit|installed_devices.create_external|service_requests.override_active_emergency","packages/api/routes/serviceRequests.ts","1574"
