"permission","defined","module","sub_module","action","allowed_scopes","definition_count","backend_uses","frontend_uses","sidebar_uses","files"
"account_requests.archive","yes","account_requests","account_requests","archive","GLOBAL","1","2","1","0","packages/api/routes/adminAccountRequests.ts|packages/web/src/pages/account-requests/AccountRequestDetailPage.tsx"
"account_requests.decide","yes","account_requests","account_requests","decide","GLOBAL","1","3","1","0","packages/api/routes/adminAccountRequests.ts|packages/web/src/pages/account-requests/AccountRequestDetailPage.tsx"
"account_requests.escalate","yes","account_requests","account_requests","escalate","GLOBAL","1","0","0","0",""
"account_requests.link","yes","account_requests","account_requests","link","GLOBAL","1","0","0","0",""
"account_requests.reject","yes","account_requests","account_requests","reject","GLOBAL","1","0","0","0",""
"account_requests.resolve_escalation","yes","account_requests","account_requests","resolve_escalation","GLOBAL","1","1","1","0","packages/api/routes/adminAccountRequests.ts|packages/web/src/pages/account-requests/AccountRequestDetailPage.tsx"
"account_requests.review","yes","account_requests","account_requests","review","GLOBAL","1","5","1","0","packages/api/routes/adminAccountRequests.ts|packages/web/src/pages/account-requests/AccountRequestDetailPage.tsx"
"account_requests.view","yes","account_requests","account_requests","view","GLOBAL","1","2","1","2","packages/api/routes/adminAccountRequests.ts|packages/web/src/layout/MainLayout.tsx|packages/web/src/pages/ClientProfile.tsx"
"admin.app_contact_links.manage","yes","admin","app_contact_links","manage","GLOBAL","1","0","1","0","packages/web/src/pages/admin/AppContactLinks.tsx"
"admin.app_contact_links.view","yes","admin","app_contact_links","view","GLOBAL","1","0","1","1","packages/web/src/layout/MainLayout.tsx|packages/web/src/pages/admin/AppContactLinks.tsx"
"admin.app_home_banners.manage","yes","admin","app_home_banners","manage","GLOBAL","1","0","1","0","packages/web/src/pages/admin/AppHomeBanners.tsx"
"admin.app_home_banners.view","yes","admin","app_home_banners","view","GLOBAL","1","0","1","1","packages/web/src/layout/MainLayout.tsx|packages/web/src/pages/admin/AppHomeBanners.tsx"
"admin.app_notifications.send","yes","admin","app_notifications","send","GLOBAL|BRANCH","1","0","1","0","packages/web/src/pages/admin/AppNotifications.tsx"
"admin.app_notifications.view","yes","admin","app_notifications","view","GLOBAL|BRANCH","1","0","1","1","packages/web/src/layout/MainLayout.tsx|packages/web/src/pages/admin/AppNotifications.tsx"
"admin.emergency_action_types.manage","yes","admin","emergency_action_types","manage","GLOBAL|BRANCH|ASSIGNED","1","3","1","0","packages/api/routes/emergencyActionTypes.ts|packages/web/src/pages/admin/EmergencyActionTypes.tsx"
"admin.emergency_action_types.view","yes","admin","emergency_action_types","view","GLOBAL|BRANCH|ASSIGNED","1","1","1","0","packages/api/routes/emergencyActionTypes.ts|packages/web/src/pages/admin/EmergencyActionTypes.tsx"
"admin.roles.manage","yes","admin","roles","manage","GLOBAL","1","4","2","0","packages/api/routes/roles.ts|packages/web/src/pages/admin/RolePermissions.tsx|packages/web/src/pages/admin/Roles.tsx"
"admin.roles.users.manage","yes","admin","roles_users","manage","GLOBAL|BRANCH","1","8","3","0","packages/api/routes/employees.ts|packages/api/routes/roles.ts|packages/api/trpc/routers/roles.ts|packages/web/src/pages/admin/Roles.tsx|packages/web/src/pages/admin/Users.tsx|packages/web/src/pages/EmployeeDetail.tsx"
"admin.roles.view","yes","admin","roles","view","GLOBAL","1","4","2","1","packages/api/routes/roles.ts|packages/web/src/layout/MainLayout.tsx|packages/web/src/pages/admin/RolePermissions.tsx|packages/web/src/pages/admin/Roles.tsx"
"admin.system_lists.manage","yes","admin","system_lists","manage","GLOBAL","1","6","1","0","packages/api/routes/systemLists.ts|packages/web/src/pages/admin/SystemLists.tsx"
"admin.system_lists.view","yes","admin","system_lists","view","GLOBAL","1","3","1","1","packages/api/routes/systemLists.ts|packages/web/src/layout/MainLayout.tsx|packages/web/src/pages/admin/SystemLists.tsx"
"admin.task_types.manage","yes","admin","task_types","manage","GLOBAL|BRANCH|ASSIGNED","1","1","1","0","packages/api/routes/taskTypeConfig.ts|packages/web/src/pages/admin/TaskTypes.tsx"
"admin.task_types.view","yes","admin","task_types","view","GLOBAL|BRANCH|ASSIGNED","1","0","1","1","packages/web/src/layout/MainLayout.tsx|packages/web/src/pages/admin/TaskTypes.tsx"
"admin.users.view_list","yes","admin","users","view_list","GLOBAL|BRANCH","1","1","2","1","packages/api/routes/roles.ts|packages/web/src/layout/MainLayout.tsx|packages/web/src/pages/admin/Users.tsx"
"agent_license.archive","yes","agent_license","service_requests","archive","GLOBAL","1","0","0","0",""
"agent_license.decide","yes","agent_license","service_requests","decide","GLOBAL","1","0","0","0",""
"agent_license.resolve_escalation","yes","agent_license","service_requests","resolve_escalation","GLOBAL","1","0","0","0",""
"agent_license.review","yes","agent_license","service_requests","review","GLOBAL","1","1","0","0","packages/api/services/serviceRequests/atomicClientLink.test.ts"
"agent_license.view","yes","agent_license","service_requests","view","GLOBAL","1","4","0","2","packages/api/policies/agentLicensePolicy.test.ts|packages/api/routes/serviceRequests.ts|packages/web/src/layout/MainLayout.tsx"
"app_accounts.bulk_activate","yes","app_accounts","app_accounts","bulk_activate","GLOBAL","1","1","1","0","packages/api/routes/adminAppAccounts.ts|packages/web/src/pages/Clients.tsx"
"app_accounts.create_direct","yes","app_accounts","app_accounts","create_direct","GLOBAL","1","1","1","0","packages/api/routes/adminAppAccounts.ts|packages/web/src/components/appAccounts/ClientAppAccountCard.tsx"
"app_accounts.reactivate","yes","app_accounts","app_accounts","reactivate","GLOBAL","1","1","1","0","packages/api/routes/adminAppAccounts.ts|packages/web/src/components/appAccounts/ClientAppAccountCard.tsx"
"app_accounts.suspend","yes","app_accounts","app_accounts","suspend","GLOBAL","1","1","1","0","packages/api/routes/adminAppAccounts.ts|packages/web/src/components/appAccounts/ClientAppAccountCard.tsx"
"app_accounts.view","yes","app_accounts","app_accounts","view","GLOBAL","1","1","1","0","packages/api/routes/adminAppAccounts.ts|packages/web/src/components/appAccounts/ClientAppAccountCard.tsx"
"branches.edit","yes","branches","management","edit","GLOBAL|BRANCH","2","1","2","0","packages/api/routes/branches.ts|packages/web/src/pages/Branches.tsx"
"branches.lookup","yes","branches","management","lookup","GLOBAL|BRANCH|ASSIGNED","1","2","0","0","packages/api/routes/branches.ts"
"branches.manage","yes","branches","management","manage","GLOBAL|BRANCH","2","4","3","0","packages/api/routes/branches.ts|packages/web/src/pages/Branches.tsx"
"branches.nav","yes","branches","navigation","nav","GLOBAL|BRANCH","1","0","0","0",""
"branches.view","yes","branches","management","view","GLOBAL|BRANCH","2","4","1","0","packages/api/routes/branches.ts|packages/web/src/pages/Branches.tsx"
"candidates.assignment.manage","yes","candidates","candidates","assignment_manage","GLOBAL|BRANCH","1","5","1","0","packages/api/routes/roles.ts|packages/api/services/candidateOwnershipService.test.ts|packages/api/services/candidateOwnershipService.ts|packages/web/src/components/candidates/AddCandidateModal.tsx"
"candidates.can_be_assigned","yes","candidates","candidates","can_be_assigned","GLOBAL|BRANCH","1","0","0","0",""
"candidates.create","yes","candidates","candidates","create","GLOBAL|BRANCH","1","4","4","0","packages/api/policies/nameNominationPolicy.test.ts|packages/api/routes/candidateDetailContract.test.ts|packages/api/routes/candidates.ts|packages/api/routes/serviceRequests.ts|packages/web/src/components/candidates/AddCandidateModal.tsx|packages/web/src/pages/candidates/CandidatesEntry.tsx|packages/web/src/pages/service-requests/ServiceRequestDetailPage.tsx"
"candidates.delete","yes","candidates","candidates","delete","GLOBAL|BRANCH","1","1","0","0","packages/api/routes/candidates.ts"
"candidates.edit","yes","candidates","candidates","edit","GLOBAL|BRANCH","1","2","2","0","packages/api/routes/candidates.ts|packages/web/src/components/candidates/SessionDetailsModal.tsx|packages/web/src/pages/candidates/CandidatesEntry.tsx"
"candidates.name_lists.assignment.manage","yes","candidates","name_lists","assignment_manage","GLOBAL|BRANCH","1","1","1","0","packages/api/routes/roles.ts|packages/web/src/components/candidates/CreateReferralSessionModal.tsx"
"candidates.name_lists.can_be_assigned","yes","candidates","name_lists","can_be_assigned","GLOBAL|BRANCH","1","0","0","0",""
"candidates.name_lists.create","yes","candidates","name_lists","create","GLOBAL|BRANCH","1","1","2","0","packages/api/routes/referralSheets.ts|packages/web/src/components/candidates/CreateReferralSessionModal.tsx|packages/web/src/pages/candidates/CandidatesEntry.tsx"
"candidates.name_lists.delete","yes","candidates","name_lists","delete","GLOBAL|BRANCH","1","0","0","0",""
"candidates.name_lists.edit","yes","candidates","name_lists","edit","GLOBAL|BRANCH","1","1","1","0","packages/api/routes/referralSheets.ts|packages/web/src/components/candidates/SessionDetailsModal.tsx"
"candidates.name_lists.view_list","yes","candidates","name_lists","view_list","GLOBAL|BRANCH","1","21","2","0","packages/api/routes/referralSheets.ts|packages/api/services/reporting/breakdownCatalog.ts|packages/api/services/reporting/metricsCatalog.ts|packages/web/src/components/candidates/AddCandidateModal.tsx|packages/web/src/components/dashboard/widgetRegistry.ts|packages/web/src/pages/candidates/CandidatesEntry.tsx"
"candidates.view_list","yes","candidates","candidates","view_list","GLOBAL|BRANCH","1","31","1","0","packages/api/policies/candidatePolicy.test.ts|packages/api/policies/candidatePolicy.ts|packages/api/routes/candidateDetailContract.test.ts|packages/api/routes/candidates.ts|packages/api/services/reporting/breakdownCatalog.ts|packages/api/services/reporting/metricsCatalog.ts|packages/web/src/components/dashboard/widgetRegistry.ts|packages/web/src/pages/candidates/CandidatesEntry.tsx"
"catalog.manage","yes","catalog","devices","manage","GLOBAL","1","12","8","0","packages/api/routes/deviceModels.ts|packages/api/routes/spareParts.ts|packages/web/src/pages/DeviceDetail.tsx|packages/web/src/pages/DeviceManagement.tsx"
"clients.account_statement.view","yes","clients","profile_account_statement","view","GLOBAL|BRANCH","1","1","1","0","packages/api/routes/clients.ts|packages/web/src/pages/ClientProfile.tsx"
"clients.assignment.manage","yes","clients","assignment","assignment_manage","GLOBAL|BRANCH","1","2","1","0","packages/api/policies/clientPolicy.ts|packages/api/routes/roles.ts|packages/web/src/components/ClientModal.tsx"
"clients.call_log.create","yes","clients","profile_call_log","create","GLOBAL|BRANCH","1","1","1","0","packages/api/routes/customerCalls.ts|packages/web/src/pages/ClientProfile.tsx"
"clients.call_log.edit","yes","clients","profile_call_log","edit","GLOBAL|BRANCH","1","1","1","0","packages/api/routes/customerCalls.ts|packages/web/src/pages/ClientProfile.tsx"
"clients.call_log.view","yes","clients","profile_call_log","view","GLOBAL|BRANCH","1","2","1","0","packages/api/routes/customerCalls.ts|packages/web/src/pages/ClientProfile.tsx"
"clients.can_be_assigned","yes","clients","clients","can_be_assigned","GLOBAL|BRANCH","1","0","0","0",""
"clients.contact_control.edit","yes","clients","profile_contact_control","edit","GLOBAL|BRANCH","1","2","3","0","packages/api/routes/clients.ts|packages/web/src/components/clients/ContactControlCard.tsx|packages/web/src/pages/ClientProfile.tsx|packages/web/src/pages/planning/PlanningContactTargets.tsx"
"clients.contacts.edit","yes","clients","profile_contacts","edit","GLOBAL|BRANCH","1","2","1","0","packages/api/routes/clients.ts|packages/web/src/pages/ClientProfile.tsx"
"clients.contacts.view","yes","clients","profile_contacts","view","GLOBAL|BRANCH","1","0","1","0","packages/web/src/pages/ClientProfile.tsx"
"clients.cooldown_unlock","yes","clients","clients","cooldown_unlock","GLOBAL|BRANCH","1","1","2","0","packages/api/routes/clients.ts|packages/web/src/components/clients/ContactControlCard.tsx|packages/web/src/pages/ClientProfile.tsx"
"clients.create","yes","clients","clients","create","GLOBAL|BRANCH","1","2","4","0","packages/api/routes/clients.ts|packages/api/services/serviceRequests/serviceRequestPartyDetailsContract.test.ts|packages/web/src/components/ClientModal.tsx|packages/web/src/pages/service-requests/ServiceRequestDetailPage.tsx"
"clients.delete","yes","clients","clients","delete","GLOBAL|BRANCH","1","2","1","0","packages/api/routes/clients.ts|packages/web/src/pages/Clients.tsx"
"clients.device_warranties.view","yes","clients","profile_device_warranties","view","GLOBAL|BRANCH","1","4","0","0","packages/api/routes/deviceWarranties.ts"
"clients.devices.view","yes","clients","profile_devices","view","GLOBAL|BRANCH","1","13","2","0","packages/api/routes/installedDevices.ts|packages/api/services/complaints/complaintService.ts|packages/web/src/pages/ClientProfile.tsx|packages/web/src/pages/devices/DeviceProfilePage.tsx"
"clients.edit","yes","clients","clients","edit","GLOBAL|BRANCH","1","1","0","0","packages/api/routes/clients.ts"
"clients.network.view","yes","clients","profile_network","view","GLOBAL|BRANCH","1","1","1","0","packages/api/routes/clients.ts|packages/web/src/pages/ClientProfile.tsx"
"clients.parts_stock.view","yes","clients","profile_parts_stock","view","GLOBAL|BRANCH","1","1","1","0","packages/api/routes/customerCalls.ts|packages/web/src/pages/ClientProfile.tsx"
"clients.pre_offers.view","yes","clients","profile_pre_offers","view","GLOBAL|BRANCH","1","1","1","0","packages/api/routes/customerPreOffers.ts|packages/web/src/pages/ClientProfile.tsx"
"clients.purchase_history.view","yes","clients","profile_purchase_history","view","GLOBAL|BRANCH","1","1","1","0","packages/api/routes/customerCalls.ts|packages/web/src/pages/ClientProfile.tsx"
"clients.rating.edit","yes","clients","profile_rating","edit","GLOBAL|BRANCH|ASSIGNED","1","1","1","0","packages/api/routes/clients.ts|packages/web/src/pages/ClientProfile.tsx"
"clients.rating.view","yes","clients","profile_rating","view","GLOBAL|BRANCH|ASSIGNED","1","5","1","0","packages/api/routes/clients.ts|packages/api/services/reporting/metricsCatalog.ts|packages/web/src/components/dashboard/widgetRegistry.ts|packages/web/src/pages/ClientProfile.tsx"
"clients.view","yes","clients","clients","view","GLOBAL|BRANCH","1","3","0","0","packages/api/routes/clients.ts"
"clients.view_list","yes","clients","clients","view_list","GLOBAL|BRANCH","1","31","3","0","packages/api/policies/clientPolicy.ts|packages/api/routes/clients.ts|packages/api/services/authorizationService.ts|packages/api/services/complaints/complaintCreateLookupPolicy.test.ts|packages/api/services/reporting/breakdownCatalog.ts|packages/api/services/reporting/metricsCatalog.ts|packages/web/src/components/dashboard/widgetRegistry.ts|packages/web/src/pages/Clients.tsx|packages/web/src/pages/devices/DeviceProfilePage.tsx|packages/web/src/pages/visits/VisitDetailPage.tsx"
"clients.visits.view","yes","clients","profile_visits","view","GLOBAL|BRANCH","1","4","2","0","packages/api/routes/fieldVisits.ts|packages/api/routes/openTasks.ts|packages/api/services/complaints/complaintService.ts|packages/web/src/pages/ClientProfile.tsx|packages/web/src/pages/visits/VisitDetailPage.tsx"
"complaints.add_internal_note","yes","complaints","notes","add_internal_note","GLOBAL|BRANCH|ASSIGNED","1","1","1","0","packages/api/routes/complaints.ts|packages/web/src/pages/complaints/ComplaintDetailPage.tsx"
"complaints.assign_branch","yes","complaints","assignment","assign_branch","GLOBAL","1","2","1","0","packages/api/routes/complaints.ts|packages/web/src/pages/complaints/ComplaintDetailPage.tsx"
"complaints.assign_handler","yes","complaints","assignment","assign_handler","GLOBAL|BRANCH","1","2","1","0","packages/api/routes/complaints.ts|packages/web/src/pages/complaints/ComplaintDetailPage.tsx"
"complaints.change_priority","yes","complaints","workflow","change_priority","GLOBAL","1","1","0","0","packages/api/routes/complaints.ts"
"complaints.change_type","yes","complaints","workflow","change_type","GLOBAL","1","1","0","0","packages/api/routes/complaints.ts"
"complaints.close","yes","complaints","workflow","close","GLOBAL","1","1","1","0","packages/api/routes/complaints.ts|packages/web/src/pages/complaints/ComplaintDetailPage.tsx"
"complaints.create_internal","yes","complaints","complaints","create_internal","GLOBAL|BRANCH","1","8","3","0","packages/api/routes/complaints.ts|packages/api/services/complaints/complaintCreateLookupPolicy.test.ts|packages/web/src/pages/complaints/ComplaintsListPage.tsx|packages/web/src/pages/devices/DeviceProfilePage.tsx|packages/web/src/pages/visits/VisitDetailPage.tsx"
"complaints.download_attachments","yes","complaints","attachments","download","GLOBAL|BRANCH|ASSIGNED","1","1","0","0","packages/api/routes/complaints.ts"
"complaints.export","yes","complaints","reports","export","GLOBAL|BRANCH","1","0","0","0",""
"complaints.link_device","yes","complaints","links","link_device","GLOBAL|BRANCH|ASSIGNED","1","1","0","0","packages/api/routes/complaints.ts"
"complaints.link_operational_work","yes","complaints","links","link_work","GLOBAL|BRANCH|ASSIGNED","1","1","0","0","packages/api/routes/complaints.ts"
"complaints.link_requester","yes","complaints","links","link_requester","GLOBAL","1","1","0","0","packages/api/routes/complaints.ts"
"complaints.link_target","yes","complaints","links","link_target","GLOBAL|BRANCH|ASSIGNED","1","1","0","0","packages/api/routes/complaints.ts"
"complaints.link_visit","yes","complaints","links","link_visit","GLOBAL|BRANCH|ASSIGNED","1","1","0","0","packages/api/routes/complaints.ts"
"complaints.manage_abuse_settings","yes","complaints","settings","abuse","GLOBAL","1","3","0","0","packages/api/routes/complaints.ts|packages/api/services/complaints/complaintService.ts"
"complaints.manage_duplicate_settings","yes","complaints","settings","duplicates","GLOBAL","1","3","0","0","packages/api/routes/complaints.ts|packages/api/services/complaints/complaintService.ts"
"complaints.publish_update","yes","complaints","updates","publish_update","GLOBAL|BRANCH|ASSIGNED","1","1","1","0","packages/api/routes/complaints.ts|packages/web/src/pages/complaints/ComplaintDetailPage.tsx"
"complaints.reassign_handler","yes","complaints","assignment","reassign_handler","GLOBAL|BRANCH","1","2","1","0","packages/api/routes/complaints.ts|packages/web/src/pages/complaints/ComplaintDetailPage.tsx"
"complaints.reject","yes","complaints","workflow","reject","GLOBAL","1","1","1","0","packages/api/routes/complaints.ts|packages/web/src/pages/complaints/ComplaintDetailPage.tsx"
"complaints.reopen","yes","complaints","workflow","reopen","GLOBAL","1","1","1","0","packages/api/routes/complaints.ts|packages/web/src/pages/complaints/ComplaintDetailPage.tsx"
"complaints.request_information","yes","complaints","workflow","request_information","GLOBAL|BRANCH|ASSIGNED","1","1","1","0","packages/api/routes/complaints.ts|packages/web/src/pages/complaints/ComplaintDetailPage.tsx"
"complaints.resolve","yes","complaints","workflow","resolve","GLOBAL|BRANCH|ASSIGNED","1","1","1","0","packages/api/routes/complaints.ts|packages/web/src/pages/complaints/ComplaintDetailPage.tsx"
"complaints.resume_processing","yes","complaints","workflow","resume_processing","GLOBAL|BRANCH|ASSIGNED","1","1","1","0","packages/api/routes/complaints.ts|packages/web/src/pages/complaints/ComplaintDetailPage.tsx"
"complaints.review_duplicates","yes","complaints","workflow","review_duplicates","GLOBAL","1","1","0","0","packages/api/routes/complaints.ts"
"complaints.start_processing","yes","complaints","workflow","start_processing","GLOBAL|BRANCH|ASSIGNED","1","1","1","0","packages/api/routes/complaints.ts|packages/web/src/pages/complaints/ComplaintDetailPage.tsx"
"complaints.transfer_branch","yes","complaints","assignment","transfer_branch","GLOBAL","1","2","1","0","packages/api/routes/complaints.ts|packages/web/src/pages/complaints/ComplaintDetailPage.tsx"
"complaints.triage","yes","complaints","workflow","triage","GLOBAL","1","1","1","0","packages/api/routes/complaints.ts|packages/web/src/pages/complaints/ComplaintDetailPage.tsx"
"complaints.view_attachments","yes","complaints","attachments","view","GLOBAL|BRANCH|ASSIGNED","1","1","0","0","packages/api/routes/complaints.ts"
"complaints.view_audit","yes","complaints","audit","view","GLOBAL|BRANCH|ASSIGNED","1","1","0","0","packages/api/routes/complaints.ts"
"complaints.view_details","yes","complaints","complaints","view_details","GLOBAL|BRANCH|ASSIGNED","1","2","0","0","packages/api/policies/complaintPolicy.test.ts|packages/api/routes/complaints.ts"
"complaints.view_list","yes","complaints","complaints","view_list","GLOBAL|BRANCH|ASSIGNED","1","2","0","1","packages/api/policies/complaintPolicy.test.ts|packages/api/routes/complaints.ts|packages/web/src/layout/MainLayout.tsx"
"complaints.view_reports","yes","complaints","reports","view","GLOBAL|BRANCH","1","1","0","0","packages/api/routes/complaints.ts"
"complaints.withdraw","yes","complaints","workflow","withdraw","GLOBAL|BRANCH|ASSIGNED","1","1","0","0","packages/api/routes/complaints.ts"
"contract_gifts.approve_delivery","yes","contracts","gifts","approve_delivery","GLOBAL|BRANCH|ASSIGNED","1","2","2","0","packages/api/routes/gifts.ts|packages/web/src/components/gifts/GiftRecordActions.tsx"
"contract_gifts.cancel","yes","contracts","gifts","cancel","GLOBAL|BRANCH|ASSIGNED","1","1","1","0","packages/api/routes/gifts.ts|packages/web/src/components/gifts/GiftRecordActions.tsx"
"contract_gifts.create_delivery_task","yes","contracts","gifts","create_delivery_task","GLOBAL|BRANCH|ASSIGNED","1","2","1","0","packages/api/routes/gifts.ts|packages/web/src/components/gifts/GiftRecordActions.tsx"
"contract_gifts.manage","yes","contracts","gifts","manage","GLOBAL|BRANCH|ASSIGNED","1","5","1","0","packages/api/routes/gifts.ts|packages/web/src/pages/contracts/ContractGiftsPanel.tsx"
"contract_gifts.manual_delivery","yes","contracts","gifts","manual_delivery","GLOBAL|BRANCH|ASSIGNED","1","2","1","0","packages/api/policies/giftPolicy.test.ts|packages/api/routes/gifts.ts|packages/web/src/components/gifts/GiftRecordActions.tsx"
"contract_gifts.reopen_manual_delivery","yes","contracts","gifts","reopen_manual_delivery","GLOBAL","1","3","1","0","packages/api/policies/giftPolicy.test.ts|packages/api/routes/gifts.ts|packages/web/src/components/gifts/GiftRecordActions.tsx"
"contract_gifts.verify_condition","yes","contracts","gifts","verify_condition","GLOBAL|BRANCH|ASSIGNED","1","2","1","0","packages/api/policies/giftPolicy.test.ts|packages/api/routes/gifts.ts|packages/web/src/components/gifts/GiftRecordActions.tsx"
"contract_gifts.view","yes","contracts","gifts","view","GLOBAL|BRANCH|ASSIGNED","1","3","1","0","packages/api/routes/giftCandidateFilterContract.test.ts|packages/api/routes/gifts.ts|packages/web/src/pages/candidates/CandidateDetail.tsx"
"contracts.approve","yes","contracts","contracts","approve","GLOBAL|BRANCH","1","0","0","0",""
"contracts.assign_sale_owner","yes","contracts","contracts","assign_sale_owner","GLOBAL|BRANCH","1","1","1","0","packages/api/routes/contracts.ts|packages/web/src/pages/contracts/ContractForm.tsx"
"contracts.close","yes","contracts","contracts","close","GLOBAL|BRANCH","1","3","1","0","packages/api/routes/contracts.ts|packages/web/src/pages/contracts/ContractDetail.tsx"
"contracts.create","yes","contracts","contracts","create","GLOBAL|BRANCH","1","1","2","0","packages/api/routes/contracts.ts|packages/web/src/pages/contracts/ContractForm.tsx|packages/web/src/pages/contracts/ContractList.tsx"
"contracts.delete","yes","contracts","contracts","delete","GLOBAL|BRANCH","1","2","0","0","packages/api/routes/contracts.ts"
"contracts.edit","yes","contracts","contracts","edit","GLOBAL|BRANCH","1","27","2","0","packages/api/policies/contractDocumentPolicy.test.ts|packages/api/policies/contractDocumentPolicy.ts|packages/api/routes/contractDocuments.ts|packages/api/routes/contracts.ts|packages/api/routes/deviceWarranties.ts|packages/api/routes/dues.ts|packages/api/routes/installedDevices.ts|packages/api/routes/serviceAgreements.ts|packages/web/src/pages/clientProfile/DevicesTab.tsx|packages/web/src/pages/devices/sections/ServiceAgreementsSection.tsx"
"contracts.view_list","yes","contracts","contracts","view_list","GLOBAL|BRANCH","1","53","4","1","packages/api/policies/contractDocumentPolicy.test.ts|packages/api/policies/contractDocumentPolicy.ts|packages/api/routes/contractDocuments.ts|packages/api/routes/contracts.ts|packages/api/routes/customerPreOffers.ts|packages/api/routes/deviceWarranties.ts|packages/api/routes/dues.ts|packages/api/routes/installedDevices.ts|packages/api/routes/serviceAgreements.ts|packages/api/services/reporting/breakdownCatalog.ts|packages/api/services/reporting/metricsCatalog.ts|packages/web/src/components/dashboard/widgetRegistry.ts|packages/web/src/layout/MainLayout.tsx|packages/web/src/pages/ClientProfile.tsx|packages/web/src/pages/contracts/ContractList.tsx"
"departments.lookup","yes","branches","departments","lookup","GLOBAL|BRANCH|ASSIGNED","1","2","0","0","packages/api/routes/departments.ts"
"departments.manage","yes","branches","departments","manage","GLOBAL|BRANCH","2","5","1","0","packages/api/routes/departments.ts|packages/web/src/pages/Departments.tsx"
"departments.view_list","yes","branches","departments","view_list","GLOBAL|BRANCH","2","2","1","1","packages/api/routes/departments.ts|packages/web/src/layout/MainLayout.tsx|packages/web/src/pages/Departments.tsx"
"device_models.lookup","yes","devices","device_models","lookup","GLOBAL","1","2","0","0","packages/api/routes/deviceModels.ts"
"device_models.manage","yes","devices","device_models","manage","GLOBAL","1","5","2","1","packages/api/routes/deviceModels.ts|packages/web/src/layout/MainLayout.tsx|packages/web/src/pages/DeviceDetail.tsx|packages/web/src/pages/DeviceManagement.tsx"
"device_models.task_lookup","yes","devices","device_models","task_lookup","GLOBAL|BRANCH|ASSIGNED","1","2","0","0","packages/api/routes/deviceModels.ts"
"devices.department_availability.manage","yes","devices","department_availability","manage","GLOBAL|BRANCH","1","1","2","0","packages/api/routes/departments.ts|packages/web/src/pages/Departments.tsx"
"devices.department_availability.view","yes","devices","department_availability","view","GLOBAL|BRANCH","1","0","1","0","packages/web/src/pages/Departments.tsx"
"devices.discounts.manage","yes","devices","discounts","manage","GLOBAL","2","4","2","0","packages/api/routes/deviceModels.ts|packages/web/src/pages/DeviceDetail.tsx"
"devices.discounts.view","yes","devices","discounts","view","GLOBAL","1","1","1","0","packages/api/routes/deviceModels.ts|packages/web/src/pages/DeviceDetail.tsx"
"devices.nav","yes","devices","navigation","nav","GLOBAL|BRANCH","1","0","0","1","packages/web/src/layout/MainLayout.tsx"
"devices.prices.manage","yes","devices","prices","manage","GLOBAL","1","2","2","0","packages/api/routes/deviceModels.ts|packages/web/src/pages/DeviceDetail.tsx"
"devices.prices.view","yes","devices","prices","view","GLOBAL","1","1","1","0","packages/api/routes/deviceModels.ts|packages/web/src/pages/DeviceDetail.tsx"
"devices.view","no","","","","","0","0","0","1","packages/web/src/layout/MainLayout.tsx"
"employees.create","yes","employees","records","create","GLOBAL|BRANCH","1","8","2","0","packages/api/routes/adminApplications.ts|packages/api/routes/employees.ts|packages/web/src/pages/Employees.tsx|packages/web/src/pages/jobs/ApplicationDetail.tsx"
"employees.delete","yes","employees","records","delete","GLOBAL|BRANCH","1","2","0","0","packages/api/routes/employees.ts"
"employees.direct_manager_branch_fallback","yes","employees","lookups","direct_manager_branch_fallback","GLOBAL|BRANCH","1","0","0","0",""
"employees.direct_manager_eligible","yes","employees","lookups","direct_manager_eligible","GLOBAL|BRANCH","1","0","0","0",""
"employees.edit","yes","employees","records","edit","GLOBAL|BRANCH","1","9","1","0","packages/api/routes/employees.ts|packages/web/src/pages/EmployeeDetail.tsx"
"employees.lookup","yes","employees","lookups","lookup","GLOBAL|BRANCH|ASSIGNED","1","2","0","0","packages/api/routes/employees.ts"
"employees.manager_lookup","yes","employees","lookups","manager_lookup","GLOBAL|BRANCH","1","2","0","0","packages/api/routes/employees.ts"
"employees.nav","yes","employees","navigation","nav","GLOBAL|BRANCH","1","0","0","0",""
"employees.view_list","yes","employees","records","view_list","GLOBAL|BRANCH","1","9","2","0","packages/api/routes/employees.ts|packages/web/src/pages/Employees.tsx"
"field_visits.create_instant","yes","field_visits","create_instant","create","ASSIGNED","1","1","1","0","packages/api/routes/fieldVisits.ts|packages/web/src/pages/visits/MyVisitsPage.tsx"
"field_visits.edit","yes","field_visits","visits","edit","GLOBAL|BRANCH","1","18","2","0","packages/api/policies/fieldVisitPolicy.test.ts|packages/api/policies/fieldVisitPolicy.ts|packages/api/routes/fieldVisits.ts|packages/web/src/pages/visits/VisitDetailPage.tsx|packages/web/src/pages/visits/VisitsListPage.tsx"
"field_visits.my_visits.view","yes","field_visits","my_visits","view","ASSIGNED","1","7","0","1","packages/api/routes/fieldVisits.ts|packages/api/routes/fieldVisitsReadAccess.test.ts|packages/web/src/layout/MainLayout.tsx|packages/web/src/lib/fieldVisitPermissionPolicy.test.ts"
"field_visits.reopen_closed","yes","field_visits","field_visits","reopen_closed","GLOBAL","1","2","1","0","packages/api/routes/fieldVisits.ts|packages/web/src/pages/visits/VisitDetailPage.tsx"
"field_visits.view","yes","field_visits","visits","view","GLOBAL|BRANCH","1","24","2","0","packages/api/policies/fieldVisitPolicy.test.ts|packages/api/policies/fieldVisitPolicy.ts|packages/api/routes/fieldVisits.ts|packages/api/routes/fieldVisitsReadAccess.test.ts|packages/api/services/complaints/complaintService.ts|packages/web/src/lib/fieldVisitPermissionPolicy.test.ts|packages/web/src/pages/ClientProfile.tsx|packages/web/src/pages/visits/VisitDetailPage.tsx"
"geo.manage","yes","geo","geography","manage","GLOBAL|BRANCH","1","4","1","0","packages/api/routes/geoUnits.ts|packages/web/src/pages/GeoSettings.tsx"
"geo.view","yes","geo","geography","view","GLOBAL|BRANCH","1","7","1","1","packages/api/routes/geoUnits.ts|packages/api/services/geoScopeService.ts|packages/web/src/layout/MainLayout.tsx|packages/web/src/pages/GeoSettings.tsx"
"geo_units.lookup","yes","geo","geo_units","lookup","GLOBAL|BRANCH|ASSIGNED","1","6","0","0","packages/api/routes/geoUnits.ts|packages/api/services/complaints/complaintService.ts"
"golden_warranty.archive","yes","golden_warranty","service_requests","archive","GLOBAL|BRANCH","1","0","0","0",""
"golden_warranty.create","yes","golden_warranty","service_requests","create","GLOBAL|BRANCH","1","0","0","0",""
"golden_warranty.decide","yes","golden_warranty","service_requests","decide","GLOBAL|BRANCH|ASSIGNED","1","1","0","0","packages/api/routes/serviceRequests.ts"
"golden_warranty.resolve_escalation","yes","golden_warranty","service_requests","resolve_escalation","GLOBAL|BRANCH","1","0","0","0",""
"golden_warranty.review","yes","golden_warranty","service_requests","review","GLOBAL|BRANCH|ASSIGNED","1","2","0","0","packages/api/services/serviceRequests/atomicClientLink.test.ts"
"golden_warranty.view","yes","golden_warranty","service_requests","view","GLOBAL|BRANCH|ASSIGNED","1","1","1","2","packages/api/routes/serviceRequests.ts|packages/web/src/layout/MainLayout.tsx|packages/web/src/pages/ClientProfile.tsx"
"installed_devices.create_external","yes","devices","installed_devices","create_external","GLOBAL|BRANCH","1","3","0","0","packages/api/routes/installedDevices.ts|packages/api/routes/serviceRequests.ts"
"installed_devices.delivery_suspension.manage","yes","devices","installed_devices","delivery_suspension_manage","GLOBAL|BRANCH","1","4","1","0","packages/api/routes/installedDevices.ts|packages/api/services/deviceDeliverySuspension.test.ts|packages/web/src/pages/devices/DeviceProfilePage.tsx"
"installed_devices.possession.manage","yes","devices","installed_device_possession","manage","GLOBAL|BRANCH","1","1","0","0","packages/api/routes/devicePossession.ts"
"installed_devices.possession.view","yes","devices","installed_device_possession","view","GLOBAL|BRANCH","1","3","2","0","packages/api/policies/devicePossessionPolicy.test.ts|packages/api/routes/devicePossession.ts|packages/web/src/pages/clientProfile/DevicesTab.tsx|packages/web/src/pages/devices/DeviceProfilePage.tsx"
"installed_devices.update_service_data","yes","devices","installed_devices","update_service_data","GLOBAL|BRANCH","1","0","0","0",""
"installed_devices.view","yes","devices","installed_devices","view","GLOBAL|BRANCH|ASSIGNED","1","29","3","1","packages/api/routes/installedDevices.ts|packages/api/services/complaints/complaintService.ts|packages/api/services/reporting/breakdownCatalog.ts|packages/api/services/reporting/metricsCatalog.ts|packages/web/src/components/dashboard/widgetRegistry.ts|packages/web/src/layout/MainLayout.tsx|packages/web/src/pages/devices/DeviceProfilePage.tsx|packages/web/src/pages/devices/InstalledDevicesList.tsx"
"jobs.applications.archive","yes","jobs","applications","archive","GLOBAL|BRANCH|ASSIGNED","1","1","1","0","packages/api/routes/adminApplications.ts|packages/web/src/pages/jobs/ApplicationDetail.tsx"
"jobs.applications.change_stage","yes","jobs","applications","change_stage","GLOBAL|BRANCH|ASSIGNED","1","1","3","0","packages/api/routes/adminApplications.ts|packages/web/src/pages/jobs/ApplicationDetail.tsx"
"jobs.applications.create","yes","jobs","applications","create","GLOBAL|BRANCH|ASSIGNED","1","1","1","0","packages/api/routes/adminApplications.ts|packages/web/src/pages/jobs/Applications.tsx"
"jobs.applications.edit_notes","yes","jobs","applications","edit_notes","GLOBAL|BRANCH|ASSIGNED","1","1","0","0","packages/api/routes/adminApplications.ts"
"jobs.applications.escalate","yes","jobs","applications","escalate","GLOBAL|BRANCH|ASSIGNED","1","1","1","0","packages/api/routes/adminApplications.ts|packages/web/src/pages/jobs/ApplicationDetail.tsx"
"jobs.applications.hire","yes","jobs","applications","hire","GLOBAL|BRANCH|ASSIGNED","1","1","1","0","packages/api/routes/adminApplications.ts|packages/web/src/pages/jobs/ApplicationDetail.tsx"
"jobs.applications.record_decision","yes","jobs","applications","record_decision","GLOBAL|BRANCH|ASSIGNED","1","1","1","0","packages/api/routes/adminApplications.ts|packages/web/src/pages/jobs/ApplicationDetail.tsx"
"jobs.applications.resolve_escalation","yes","jobs","applications","resolve_escalation","GLOBAL|BRANCH","1","1","1","0","packages/api/routes/adminApplications.ts|packages/web/src/pages/jobs/ApplicationDetail.tsx"
"jobs.applications.view_audit_logs","yes","jobs","applications","view_audit_logs","GLOBAL|BRANCH|ASSIGNED","1","1","1","0","packages/api/routes/adminApplications.ts|packages/web/src/pages/jobs/ApplicationDetail.tsx"
"jobs.applications.view_detail","yes","jobs","applications","view_detail","GLOBAL|BRANCH|ASSIGNED","1","1","0","0","packages/api/routes/adminApplications.ts"
"jobs.applications.view_list","yes","jobs","applications","view_list","GLOBAL|BRANCH|ASSIGNED","1","17","0","0","packages/api/routes/adminApplications.ts|packages/api/services/reporting/breakdownCatalog.ts|packages/api/services/reporting/metricsCatalog.ts|packages/web/src/components/dashboard/widgetRegistry.ts"
"jobs.interviews.conduct","yes","jobs","interviews","conduct","GLOBAL|BRANCH|ASSIGNED","1","0","0","0",""
"jobs.interviews.edit","yes","jobs","interviews","edit","GLOBAL|BRANCH|ASSIGNED","1","2","1","0","packages/api/routes/interviews.ts|packages/web/src/pages/jobs/InterviewDetail.tsx"
"jobs.interviews.record_result","yes","jobs","interviews","record_result","GLOBAL|BRANCH|ASSIGNED","1","1","2","0","packages/api/routes/interviews.ts|packages/web/src/pages/jobs/InterviewDetail.tsx|packages/web/src/pages/jobs/Interviews.tsx"
"jobs.interviews.schedule","yes","jobs","interviews","schedule","GLOBAL|BRANCH|ASSIGNED","1","2","2","0","packages/api/routes/interviews.ts|packages/web/src/pages/jobs/ApplicationDetail.tsx|packages/web/src/pages/jobs/Interviews.tsx"
"jobs.interviews.view_detail","yes","jobs","interviews","view_detail","GLOBAL|BRANCH|ASSIGNED","1","1","0","0","packages/api/routes/interviews.ts"
"jobs.interviews.view_eligible","yes","jobs","interviews","view_eligible","GLOBAL|BRANCH|ASSIGNED","1","1","0","0","packages/api/routes/interviews.ts"
"jobs.interviews.view_list","yes","jobs","interviews","view_list","GLOBAL|BRANCH|ASSIGNED","1","9","0","0","packages/api/routes/interviews.ts|packages/api/services/reporting/breakdownCatalog.ts|packages/api/services/reporting/metricsCatalog.ts|packages/web/src/components/dashboard/widgetRegistry.ts"
"jobs.training.add_trainees","yes","jobs","training","add_trainees","GLOBAL|BRANCH|ASSIGNED","1","1","0","0","packages/api/routes/trainingCourses.ts"
"jobs.training.be_trainer","yes","jobs","training","be_trainer","GLOBAL|BRANCH|ASSIGNED","1","0","0","0",""
"jobs.training.complete","yes","jobs","training","complete","GLOBAL|BRANCH|ASSIGNED","1","1","1","0","packages/api/routes/trainingCourses.ts|packages/web/src/pages/jobs/TrainingCourseDetail.tsx"
"jobs.training.create","yes","jobs","training","create","GLOBAL|BRANCH|ASSIGNED","1","3","3","0","packages/api/routes/trainingCourses.ts|packages/web/src/pages/jobs/ApplicationDetail.tsx|packages/web/src/pages/jobs/TrainingCourseDetail.tsx|packages/web/src/pages/jobs/TrainingCourses.tsx"
"jobs.training.record_attendance","yes","jobs","training","record_attendance","GLOBAL|BRANCH|ASSIGNED","1","1","1","0","packages/api/routes/trainingCourses.ts|packages/web/src/pages/jobs/TrainingCourseDetail.tsx"
"jobs.training.record_result","yes","jobs","training","record_result","GLOBAL|BRANCH|ASSIGNED","1","1","1","0","packages/api/routes/trainingCourses.ts|packages/web/src/pages/jobs/TrainingCourseDetail.tsx"
"jobs.training.start","yes","jobs","training","start","GLOBAL|BRANCH|ASSIGNED","1","3","1","0","packages/api/policies/trainingCoursePolicy.test.ts|packages/api/routes/trainingCourses.ts|packages/web/src/pages/jobs/TrainingCourseDetail.tsx"
"jobs.training.view_detail","yes","jobs","training","view_detail","GLOBAL|BRANCH|ASSIGNED","1","2","1","0","packages/api/policies/trainingCoursePolicy.test.ts|packages/api/routes/trainingCourses.ts|packages/web/src/pages/jobs/ApplicationDetail.tsx"
"jobs.training.view_eligible","yes","jobs","training","view_eligible","GLOBAL|BRANCH|ASSIGNED","1","1","0","0","packages/api/routes/trainingCourses.ts"
"jobs.training.view_list","yes","jobs","training","view_list","GLOBAL|BRANCH|ASSIGNED","1","4","0","0","packages/api/policies/trainingCoursePolicy.test.ts|packages/api/routes/trainingCourses.ts"
"jobs.vacancies.change_status","yes","jobs","vacancies","change_status","GLOBAL|BRANCH|ASSIGNED","1","1","2","0","packages/api/routes/vacancies.ts|packages/web/src/pages/jobs/Vacancies.tsx|packages/web/src/pages/jobs/VacancyDetail.tsx"
"jobs.vacancies.create","yes","jobs","vacancies","create","GLOBAL|BRANCH|ASSIGNED","1","1","1","0","packages/api/routes/vacancies.ts|packages/web/src/pages/jobs/Vacancies.tsx"
"jobs.vacancies.edit","yes","jobs","vacancies","edit","GLOBAL|BRANCH|ASSIGNED","1","1","2","0","packages/api/routes/vacancies.ts|packages/web/src/pages/jobs/Vacancies.tsx|packages/web/src/pages/jobs/VacancyDetail.tsx"
"jobs.vacancies.view_detail","yes","jobs","vacancies","view_detail","GLOBAL|BRANCH|ASSIGNED","1","1","0","0","packages/api/routes/vacancies.ts"
"jobs.vacancies.view_list","yes","jobs","vacancies","view_list","GLOBAL|BRANCH|ASSIGNED","1","9","0","0","packages/api/routes/vacancies.ts|packages/api/services/reporting/breakdownCatalog.ts|packages/api/services/reporting/metricsCatalog.ts|packages/web/src/components/dashboard/widgetRegistry.ts"
"marketing_visits.update_result","yes","marketing_visits","visits","update_result","GLOBAL|BRANCH","1","10","0","0","packages/api/routes/emergencyResult.ts|packages/api/routes/workScopes.ts"
"marketing_visits.view","yes","marketing_visits","visits","view","GLOBAL|BRANCH","1","7","0","0","packages/api/routes/emergencyResult.ts|packages/api/routes/workScopes.ts"
"name_nomination.archive","yes","name_nomination","service_requests","archive","GLOBAL","1","0","0","0",""
"name_nomination.decide","yes","name_nomination","service_requests","decide","GLOBAL","1","0","0","0",""
"name_nomination.resolve_escalation","yes","name_nomination","service_requests","resolve_escalation","GLOBAL","1","0","0","0",""
"name_nomination.review","yes","name_nomination","service_requests","review","GLOBAL","1","0","0","0",""
"name_nomination.view","yes","name_nomination","service_requests","view","GLOBAL","1","1","1","2","packages/api/routes/serviceRequests.ts|packages/web/src/layout/MainLayout.tsx|packages/web/src/pages/ClientProfile.tsx"
"open_tasks.edit","yes","open_tasks","tasks","edit","GLOBAL|BRANCH","1","22","6","0","packages/api/policies/openTaskPolicy.ts|packages/api/routes/customerPreOffers.ts|packages/api/routes/deviceWarranties.ts|packages/api/routes/openTasks.ts|packages/api/routes/serviceRequests.ts|packages/web/src/components/tasks/TaskDetailLayout.tsx|packages/web/src/pages/service-requests/ServiceRequestDetailPage.tsx"
"open_tasks.view","yes","open_tasks","tasks","view","GLOBAL|BRANCH","1","17","2","0","packages/api/policies/openTaskPolicy.test.ts|packages/api/policies/openTaskPolicy.ts|packages/api/routes/openTasks.ts|packages/web/src/pages/ClientProfile.tsx|packages/web/src/pages/visits/VisitsListPage.tsx"
"periodic_maintenance.archive","yes","periodic_maintenance","service_requests","archive","GLOBAL|BRANCH","1","0","0","0",""
"periodic_maintenance.create","yes","periodic_maintenance","service_requests","create","GLOBAL|BRANCH","1","0","0","0",""
"periodic_maintenance.decide","yes","periodic_maintenance","service_requests","decide","GLOBAL|BRANCH|ASSIGNED","1","1","0","0","packages/api/routes/serviceRequests.ts"
"periodic_maintenance.resolve_escalation","yes","periodic_maintenance","service_requests","resolve_escalation","GLOBAL|BRANCH","1","0","0","0",""
"periodic_maintenance.review","yes","periodic_maintenance","service_requests","review","GLOBAL|BRANCH|ASSIGNED","1","6","0","0","packages/api/services/serviceRequests/atomicClientLink.test.ts"
"periodic_maintenance.view","yes","periodic_maintenance","service_requests","view","GLOBAL|BRANCH|ASSIGNED","1","1","1","2","packages/api/routes/serviceRequests.ts|packages/web/src/layout/MainLayout.tsx|packages/web/src/pages/ClientProfile.tsx"
"planning.manage","yes","planning","general","manage","GLOBAL|BRANCH","1","15","0","0","packages/api/routes/employees.ts|packages/api/routes/planning.ts|packages/api/routes/schedules.ts|packages/api/services/planningCurationAuthorization.test.ts|packages/api/services/planningTaskCuration.ts"
"planning.schedule.appear","yes","planning","schedule","appear","GLOBAL|BRANCH|ASSIGNED","1","0","0","0",""
"planning.view","yes","planning","general","view","GLOBAL|BRANCH","1","0","0","1","packages/web/src/layout/MainLayout.tsx"
"planning.zone_study.manage","yes","planning","zone_study","manage","BRANCH","1","3","0","0","packages/api/routes/zoneStudy.ts"
"planning.zone_study.view","yes","planning","zone_study","view","BRANCH","1","1","0","0","packages/api/routes/zoneStudy.ts"
"reference_data.lookup","yes","reference_data","lookups","lookup","GLOBAL|BRANCH|ASSIGNED","1","9","0","0","packages/api/routes/branches.ts|packages/api/routes/departments.ts|packages/api/routes/deviceModels.ts|packages/api/routes/spareParts.ts|packages/api/routes/systemLists.ts"
"referral_sheets.create","yes","referral_sheets","referral_sheets","create","GLOBAL|BRANCH","1","0","0","0",""
"referral_sheets.delete","yes","referral_sheets","referral_sheets","delete","GLOBAL|BRANCH","1","0","0","0",""
"referral_sheets.edit","yes","referral_sheets","referral_sheets","edit","GLOBAL|BRANCH","1","0","0","0",""
"referral_sheets.view_list","yes","referral_sheets","referral_sheets","view_list","GLOBAL|BRANCH","1","0","0","0",""
"reports.daily_work.visits_log.export","yes","reports","daily_work","export","GLOBAL|BRANCH|ASSIGNED","1","1","0","0","packages/api/services/reporting/tabularReportCatalog.test.ts"
"reports.daily_work.visits_log.view","yes","reports","daily_work","view","GLOBAL|BRANCH|ASSIGNED","1","1","0","0","packages/api/services/reporting/tabularReportCatalog.test.ts"
"reports.daily_work.sales_file.export","yes","reports","daily_work","export","GLOBAL|BRANCH|ASSIGNED","1","2","0","0","packages/api/services/reporting/dailyWorkSalesFileReport.test.ts|packages/api/services/reporting/tabularReportCatalog.ts"
"reports.daily_work.sales_file.view","yes","reports","daily_work","view","GLOBAL|BRANCH|ASSIGNED","1","3","0","0","packages/api/services/reporting/dailyWorkSalesFileReport.test.ts|packages/api/services/reporting/tabularReportCatalog.ts"
"reports.service.dues.export","yes","reports","service","export","GLOBAL|BRANCH|ASSIGNED","1","2","0","0","packages/api/services/reporting/serviceDuesReport.test.ts|packages/api/services/reporting/tabularReportCatalog.ts"
"reports.service.dues.view","yes","reports","service","view","GLOBAL|BRANCH|ASSIGNED","1","3","0","0","packages/api/services/reporting/serviceDuesReport.test.ts|packages/api/services/reporting/serviceDuesReport.ts|packages/api/services/reporting/tabularReportCatalog.ts"
"reports.work_files.geo_supervisors.export","yes","reports","work_files","export","GLOBAL|BRANCH|ASSIGNED","1","4","0","0","packages/api/services/reporting/tabularReportAccess.test.ts|packages/api/services/reporting/tabularReportCatalog.test.ts"
"reports.work_files.geo_supervisors.view","yes","reports","work_files","view","GLOBAL|BRANCH|ASSIGNED","1","6","0","0","packages/api/services/reporting/tabularReportAccess.test.ts|packages/api/services/reporting/tabularReportCatalog.test.ts"
"reports.work_files.names_file.export","yes","reports","work_files","export","GLOBAL|BRANCH|ASSIGNED","1","2","0","0","packages/api/services/reporting/tabularReportCatalog.ts|packages/api/services/reporting/workFilesNamesFileReport.test.ts"
"reports.work_files.names_file.view","yes","reports","work_files","view","GLOBAL|BRANCH|ASSIGNED","1","3","0","0","packages/api/services/reporting/tabularReportCatalog.ts|packages/api/services/reporting/workFilesNamesFileReport.test.ts"
"routes.assign.manage","yes","routes","assignments","manage","GLOBAL|BRANCH","1","3","0","0","packages/api/policies/routeAssignmentPolicy.ts|packages/api/routes/routeAssignments.ts|packages/api/services/planningCurationContract.test.ts"
"routes.assign.view","yes","routes","assignments","view","GLOBAL|BRANCH","1","3","0","0","packages/api/policies/routeAssignmentPolicy.ts|packages/api/routes/routeAssignments.ts"
"routes.manage","yes","routes","routes","manage","GLOBAL|BRANCH","1","3","2","0","packages/api/routes/routes.ts|packages/web/src/pages/RouteManager.tsx"
"routes.view","yes","routes","routes","view","GLOBAL|BRANCH","1","1","1","0","packages/api/routes/routes.ts|packages/web/src/pages/RouteManager.tsx"
"sales.can_close","yes","sales","closing","close","GLOBAL|BRANCH|ASSIGNED","1","0","0","0",""
"service_requests.archive","yes","service_requests","service_requests","archive","GLOBAL","1","0","0","0",""
"service_requests.create","yes","service_requests","service_requests","create","GLOBAL|BRANCH","1","2","2","0","packages/api/routes/serviceRequests.ts|packages/web/src/pages/service-requests/DeviceRequestsPage.tsx|packages/web/src/pages/service-requests/ServiceRequestsListPage.tsx"
"service_requests.decide","yes","service_requests","service_requests","decide","GLOBAL","1","0","0","0",""
"service_requests.override_active_emergency","yes","service_requests","service_requests","override_active_emergency","GLOBAL","1","1","1","0","packages/api/routes/serviceRequests.ts|packages/web/src/pages/service-requests/ServiceRequestDetailPage.tsx"
"service_requests.promote","yes","service_requests","service_requests","promote","GLOBAL","1","0","0","0",""
"service_requests.reject","yes","service_requests","service_requests","reject","GLOBAL","1","0","0","0",""
"service_requests.resolve_escalation","yes","service_requests","service_requests","resolve_escalation","GLOBAL","1","0","0","0",""
"service_requests.review","yes","service_requests","service_requests","review","GLOBAL","1","3","0","0","packages/api/services/serviceRequests/atomicClientLink.test.ts"
"service_requests.view","yes","service_requests","service_requests","view","GLOBAL","1","1","1","3","packages/api/routes/serviceRequests.ts|packages/web/src/layout/MainLayout.tsx|packages/web/src/pages/ClientProfile.tsx"
"settings.manage","yes","settings","system","manage","GLOBAL","1","2","1","0","packages/api/routes/systemSettings.ts|packages/web/src/pages/SystemSettings.tsx"
"settings.view","yes","settings","system","view","GLOBAL","1","1","1","1","packages/api/routes/systemSettings.ts|packages/web/src/layout/MainLayout.tsx|packages/web/src/pages/SystemSettings.tsx"
"spare_parts.lookup","yes","devices","spare_parts","lookup","GLOBAL","1","1","0","0","packages/api/routes/spareParts.ts"
"spare_parts.manage","yes","devices","spare_parts","manage","GLOBAL","1","3","1","1","packages/api/routes/spareParts.ts|packages/web/src/layout/MainLayout.tsx|packages/web/src/pages/DeviceManagement.tsx"
"spare_parts.prices.manage","yes","devices","spare_part_prices","manage","GLOBAL","1","2","1","0","packages/api/routes/spareParts.ts|packages/web/src/pages/DeviceManagement.tsx"
"spare_parts.task_lookup","yes","devices","spare_parts","task_lookup","GLOBAL|BRANCH|ASSIGNED","1","1","0","0","packages/api/routes/spareParts.ts"
"tasks.activation.view","yes","tasks","activation","view","GLOBAL|BRANCH","1","1","0","1","packages/api/routes/openTasks.ts|packages/web/src/layout/MainLayout.tsx"
"tasks.after_sales.view","yes","tasks","after_sales","view","GLOBAL|BRANCH","1","1","0","1","packages/api/routes/openTasks.ts|packages/web/src/layout/MainLayout.tsx"
"tasks.collection.view","yes","tasks","collection","view","GLOBAL|BRANCH","1","1","0","1","packages/api/routes/openTasks.ts|packages/web/src/layout/MainLayout.tsx"
"tasks.create","yes","tasks","tasks","create","GLOBAL|BRANCH","1","1","0","0","packages/api/routes/tasks.ts"
"tasks.delete","yes","tasks","tasks","delete","GLOBAL|BRANCH","1","2","0","0","packages/api/routes/tasks.ts"
"tasks.delivery.view","yes","tasks","delivery","view","GLOBAL|BRANCH|ASSIGNED","1","1","0","1","packages/api/routes/openTasks.ts|packages/web/src/layout/MainLayout.tsx"
"tasks.demo.view","yes","tasks","demo","view","GLOBAL|BRANCH","1","2","2","2","packages/api/routes/openTasks.ts|packages/web/src/layout/MainLayout.tsx|packages/web/src/pages/clientProfile/PreOffersTab.tsx|packages/web/src/pages/tasks/DeviceDemoDetail.tsx"
"tasks.disconnection.view","yes","tasks","disconnection","view","GLOBAL|BRANCH","1","1","0","1","packages/api/routes/openTasks.ts|packages/web/src/layout/MainLayout.tsx"
"tasks.edit","yes","tasks","tasks","edit","GLOBAL|BRANCH","1","2","0","0","packages/api/routes/tasks.ts"
"tasks.gifts.view","yes","tasks","gifts","view","GLOBAL|BRANCH","1","1","0","2","packages/api/routes/openTasks.ts|packages/web/src/layout/MainLayout.tsx"
"tasks.installation.view","yes","tasks","installation","view","GLOBAL|BRANCH|ASSIGNED","1","1","0","1","packages/api/routes/openTasks.ts|packages/web/src/layout/MainLayout.tsx"
"tasks.maintenance.view","yes","tasks","maintenance","view","GLOBAL|BRANCH","1","1","0","1","packages/api/routes/openTasks.ts|packages/web/src/layout/MainLayout.tsx"
"tasks.my_customers.view","yes","tasks","my_customers","view","ASSIGNED","1","1","0","1","packages/api/routes/openTasks.ts|packages/web/src/layout/MainLayout.tsx"
"tasks.periodic.create_manual","yes","tasks","periodic_maintenance","create_manual","GLOBAL|BRANCH","1","2","2","0","packages/api/routes/installedDevices.ts|packages/web/src/pages/devices/sections/TasksSection.tsx"
"tasks.results.record","yes","tasks","results","record","GLOBAL|BRANCH","1","4","0","0","packages/api/routes/fieldVisits.ts|packages/api/routes/openTasks.ts"
"tasks.supervisor_alerts.view","yes","tasks","supervisor_alerts","view","GLOBAL|BRANCH","1","1","0","1","packages/api/routes/openTasks.ts|packages/web/src/layout/MainLayout.tsx"
"tasks.view_list","yes","tasks","tasks","view_list","GLOBAL|BRANCH","1","1","0","0","packages/api/routes/tasks.ts"
"tasks.warranty.view","yes","tasks","warranty","view","GLOBAL|BRANCH","1","1","0","1","packages/api/routes/openTasks.ts|packages/web/src/layout/MainLayout.tsx"
"telemarketing.appointments.book","yes","telemarketing","appointments","book","GLOBAL|BRANCH","1","3","1","0","packages/api/routes/openTasks.ts|packages/api/routes/telemarketing.ts|packages/web/src/pages/TelemarketerWorkspace.tsx"
"telemarketing.appointments.create","yes","telemarketing","appointments","create","GLOBAL|BRANCH|ASSIGNED","1","0","0","0",""
"telemarketing.appointments.view","yes","telemarketing","appointments","view","GLOBAL|BRANCH|ASSIGNED","1","0","0","0",""
"telemarketing.calls.create","yes","telemarketing","calls","create","GLOBAL|BRANCH|ASSIGNED","1","12","2","0","packages/api/policies/telemarketingServiceTaskPolicy.test.ts|packages/api/policies/telemarketingServiceTaskPolicy.ts|packages/api/routes/customerCalls.ts|packages/api/routes/serviceRequests.ts|packages/api/routes/telemarketing.ts|packages/web/src/pages/ClientProfile.tsx"
"telemarketing.calls.view_history","yes","telemarketing","calls","view_history","GLOBAL|BRANCH|ASSIGNED","1","0","0","0",""
"telemarketing.lists.generate","yes","telemarketing","lists","generate","GLOBAL|BRANCH|ASSIGNED","1","3","0","0","packages/api/routes/telemarketing.ts|packages/api/services/telemarketingScope.ts"
"telemarketing.lists.view","yes","telemarketing","lists","view","GLOBAL|BRANCH|ASSIGNED","1","3","0","1","packages/api/routes/telemarketing.ts|packages/web/src/layout/MainLayout.tsx"
"telemarketing.lists.view_device_demo","yes","telemarketing","lists","view_device_demo","GLOBAL|BRANCH|ASSIGNED","1","3","0","0","packages/api/routes/telemarketing.ts"
"telemarketing.targets.view","yes","telemarketing","targets","view","GLOBAL|BRANCH|ASSIGNED","1","0","0","0",""
"users.branch_assignments.manage","yes","users","branch_assignments","manage","GLOBAL","1","0","1","0","packages/web/src/pages/admin/Users.tsx"
"users.branch_assignments.view","yes","users","branch_assignments","view","GLOBAL","1","0","1","0","packages/web/src/pages/admin/Users.tsx"
"water_check.archive","yes","water_check","water_check","archive","GLOBAL","1","0","0","0",""
"water_check.create","yes","water_check","water_check","create","GLOBAL","1","1","1","1","packages/api/routes/serviceRequests.ts|packages/web/src/layout/MainLayout.tsx|packages/web/src/pages/service-requests/WaterCheckRequestsPage.tsx"
"water_check.decide","yes","water_check","water_check","decide","GLOBAL","1","0","0","0",""
"water_check.resolve_escalation","yes","water_check","water_check","resolve_escalation","GLOBAL","1","0","0","0",""
"water_check.review","yes","water_check","water_check","review","GLOBAL","1","1","0","0","packages/api/services/serviceRequests/atomicClientLink.test.ts"
"water_check.view","yes","water_check","water_check","view","GLOBAL","1","1","1","2","packages/api/routes/serviceRequests.ts|packages/web/src/layout/MainLayout.tsx|packages/web/src/pages/ClientProfile.tsx"
